{
  "best": {
    "rerank_ce_weight": 0.3578522490353705,
    "rerank_ltr_weight": 0.49660542879197894,
    "rerank_pool_size": 600,
    "rerank_rrf_weight": 0.1455,
    "proxy_objective": 0.9106133505299479,
    "ndcg_at_10": 0.9106133505299479,
    "tier5_in_top_10": 8.0,
    "honeypots_in_top_10": 0.0,
    "n_trials": 80
  },
  "best_trial": 42
}