{
  "rerank_ce_weight": 0.31535617120113635,
  "rerank_ltr_weight": 0.518229742069251,
  "rerank_rrf_weight": 0.1664,
  "rerank_pool_size": 700,
  "career_rrf_weight": 0.6793711183334662,
  "proxy_objective": 1.5081634641553796,
  "cache_ndcg_at_10": 0.9671634641553797,
  "tier5_in_top_10": 9.0,
  "tier5_in_top_30": 26.0,
  "tier5_in_top_100": 71.0,
  "low_avail_top_30": 0.0,
  "n_trials": 120,
  "tuned_with_modifiers": true,
  "live_ndcg_at_10": 1.0,
  "live_tier5_in_top_10": 9.0,
  "live_tier5_in_top_30": 26.0,
  "live_tier5_in_top_100": 70.0,
  "live_template_clones_top_30": 8.0,
  "live_ndcg_at_30": 0.9922
}