{
  "tier5_boost": 1.1103803311088392,
  "low_avail_mult": 0.36361676387557695,
  "low_rr_steep_mult": 0.5505257675641361,
  "low_rr_moderate_mult": 0.75,
  "clone_low_rr_mult": 0.4,
  "clone_tier5_mult": 0.8828868860296247,
  "research_no_prod_mult": 0.45,
  "research_with_prod_mult": 0.9642349458253653,
  "plain_language_career_boost": 1.036305657135774,
  "plain_language_career_threshold": 0.6296275791639732,
  "cv_speech_mult": 0.4363572673314824,
  "outside_india_mult": 0.38,
  "excess_yoe_mult": 0.88,
  "stretched_scientist_mult": 0.6566238467861645,
  "consulting_mult": 0.8,
  "product_boost": 1.05,
  "primary_hub_boost": 1.0388329982270137,
  "preferred_hub_boost": 1.0042521498367238,
  "clone_top30_max": 8,
  "top_availability_cap": 30,
  "live_ndcg_at_10": 1.0,
  "live_tier5_in_top_10": 9.0,
  "live_tier5_in_top_30": 26.0,
  "live_tier5_in_top_100": 70.0,
  "live_template_clones_top_30": 8.0,
  "live_ndcg_at_30": 0.9922
}