{
  "timestamp": "2026-06-10T06:59:59.218554+00:00",
  "git_commit": "f569b80db91531e9e38db56f716ced2e455b6ab2",
  "best_params": {
    "rerank_ce_weight": 0.31535617120113635,
    "rerank_ltr_weight": 0.518229742069251,
    "tier5_boost": 1.1103803311088392,
    "low_avail_mult": 0.36361676387557695,
    "low_rr_steep_mult": 0.5505257675641361,
    "clone_tier5_mult": 0.8828868860296247,
    "research_with_prod_mult": 0.9642349458253653,
    "plain_language_career_boost": 1.036305657135774,
    "plain_language_career_threshold": 0.6296275791639732,
    "stretched_scientist_mult": 0.6566238467861645,
    "cv_speech_mult": 0.4363572673314824,
    "primary_hub_boost": 1.0388329982270137,
    "preferred_hub_boost": 1.0042521498367238,
    "clone_top30_max": 6,
    "top_availability_cap": 30,
    "rerank_pool_size": 500,
    "career_rrf_weight": 0.6793711183334662,
    "rerank_rrf_weight": 0.1664
  },
  "cache_metrics": {
    "ndcg_at_10": 0.9671634641553797,
    "tier5_in_top_10": 9.0,
    "honeypots_in_top_10": 0.0,
    "honeypots_in_top_100": 0.0,
    "low_avail_top_30": 0.0,
    "tier5_in_top_30": 26.0,
    "tier5_in_top_100": 71.0,
    "template_clones_top_30": 6.0,
    "ndcg_at_30": 0.9909970864257783
  },
  "live_metrics": {
    "ndcg_at_10": 0.9671634641553797,
    "tier5_in_top_10": 9.0,
    "honeypots_in_top_10": 0.0,
    "honeypots_in_top_100": 0.0,
    "low_avail_top_30": 0.0,
    "tier5_in_top_30": 26.0,
    "tier5_in_top_100": 69.0,
    "template_clones_top_30": 6.0,
    "ndcg_at_30": 0.9911719389083342
  },
  "top10_fingerprint": [
    "CAND_0061257",
    "CAND_0002025",
    "CAND_0005538",
    "CAND_0018499",
    "CAND_0006567",
    "CAND_0046525",
    "CAND_0077337",
    "CAND_0046064",
    "CAND_0093193",
    "CAND_0071974"
  ]
}